<?xml version = "1.0"?>

<!-- Fig. 15.5: namespace.xml -->
<!-- Demonstrating namespaces -->
<text:directory                         
   xmlns:text = "urn:deitel:textInfo"   
   xmlns:image = "urn:deitel:imageInfo">

   <text:file filename = "book.xml">
      <text:description>A book list</text:description>
   </text:file>

   <image:file filename = "funny.jpg">
      <image:description>A funny picture</image:description>
      <image:size width = "200" height = "100" />
   </image:file>
</text:directory>


<!-- 
 ************************************************************************** 
 * (C) Copyright 1992-2012 by Deitel & Associates, Inc. and               *
 * Pearson Education, Inc. All Rights Reserved.                           *
 *                                                                        *
 * DISCLAIMER: The authors and publisher of this book have used their     *
 * best efforts in preparing the book. These efforts include the          *
 * development, research, and testing of the theories and programs        *
 * to determine their effectiveness. The authors and publisher make       *
 * no warranty of any kind, expressed or implied, with regard to these    *
 * programs or to the documentation contained in these books. The authors *
 * and publisher shall not be liable in any event for incidental or       *
 * consequential damages in connection with, or arising out of, the       *
 * furnishing, performance, or use of these programs.                     *
 **************************************************************************
-->